<?xml version="1.0" encoding="utf-8"?>
<extension type="component" method="upgrade">
    <name>monocheckout</name>
    <creationDate>August 2024</creationDate>
    <author>monobank</author>
    <authorUrl>https://monobank.ua/</authorUrl>
    <copyright>Copyright (C) 2024 monobank. All rights reserved.</copyright>
    <license>GPL v3</license>
    <version>1.0.0</version>
    <description>COM_MONOCHECKOUT_XML_DESC</description>
    <namespace path="src/">Monobank\Component\MonoCheckout</namespace>
    <scriptfile>install.php</scriptfile>
    <files folder="site/">
        <folder>images</folder>
        <folder>src</folder>
        <folder>language</folder>
        <folder>tmpl</folder>
    </files>
    <languages>
        <language tag="uk-UA">site/language/uk-UA/uk-UA.com_monocheckout.ini</language>
        <language tag="uk-UA">site/language/uk-UA/uk-UA.com_monocheckout.sys.ini</language>
        <language tag="en-GB">site/language/en-GB/en-GB.com_monocheckout.ini</language>
        <language tag="en-GB">site/language/en-GB/en-GB.com_monocheckout.sys.ini</language>
    </languages>
    <administration>
        <menu link="index.php?option=com_monocheckout">mono checkout</menu>
        <files folder="admin/">
            <folder>language</folder>
            <filename>config.xml</filename>
            <filename>access.xml</filename>
            <folder>services</folder>
            <folder>src</folder>
            <folder>tmpl</folder>
        </files>
        <languages>
            <language tag="uk-UA">admin/language/uk-UA/uk-UA.com_monocheckout.ini</language>
            <language tag="uk-UA">admin/language/uk-UA/uk-UA.com_monocheckout.sys.ini</language>
            <language tag="en-GB">admin/language/en-GB/en-GB.com_monocheckout.ini</language>
            <language tag="en-GB">admin/language/en-GB/en-GB.com_monocheckout.sys.ini</language>
        </languages>
    </administration>
</extension>