<?xml version="1.0" encoding="utf-8"?>
<extension type="plugin" group="jshopping" method="upgrade">
	<name>PLG_JSHOPPING_MONOBUTTON_XML_NAME</name>
	<author>monobank</author>
	<creationDate>August 2024</creationDate>
	<author>monobank</author>
	<authorUrl>https://monobank.ua/</authorUrl>
	<copyright>Copyright (C) 2024 monobank. All rights reserved.</copyright>
	<license>GPL v3</license>
	<version>1.0.0</version>
	<description>PLG_JSHOPPING_MONOBUTTON_XML_DESCRIPTION</description>
    <namespace path="src">Monobank\Plugin\Jshopping\MonoButton</namespace>
	<files>
		<folder plugin="monobutton">services</folder>
		<folder>src</folder>
	</files>
	<languages>
		<language tag="uk-UA">language/uk-UA/plg_jshopping_monobutton.ini</language>
		<language tag="uk-UA">language/uk-UA/plg_jshopping_monobutton.sys.ini</language>
		<language tag="en-GB">language/en-GB/plg_jshopping_monobutton.ini</language>
		<language tag="en-GB">language/en-GB/plg_jshopping_monobutton.sys.ini</language>
	</languages>
</extension>